url_path,views_total,views_unique
/HowHowTech/OralMotorExercises/actions/workflows/github-repo-stats.yml,7,2
/HowHowTech/OralMotorExercises/blob/main/.github/workflows/github-repo-stats.yml,6,1
/HowHowTech/OralMotorExercises/tree/main/.github/workflows,5,1
/HowHowTech/OralMotorExercises/tree/github-repo-stats/HowHowTech/OralMotorExercises,4,3
/HowHowTech/OralMotorExercises/actions/runs/5216527344,4,2
/HowHowTech/OralMotorExercises/actions/runs/5216527344/jobs/9415353111,4,2
/HowHowTech/OralMotorExercises/actions/runs/5205592632,3,1
/HowHowTech/OralMotorExercises/pulse,3,1
/HowHowTech/OralMotorExercises,2,1
/HowHowTech/OralMotorExercises/actions,2,1
